id,speed
0,46.9088249206543
1,46.12803268432617
2,36.87085723876953
3,26.076194763183594
4,37.37290954589844
5,27.74624252319336
6,20.683181762695312
7,49.03619384765625
8,47.95729064941406
9,28.718189239501953
10,24.945241928100586
11,19.204313278198242
12,21.41950035095215
13,20.691162109375
14,23.077978134155273
15,38.04380416870117
16,41.368350982666016
17,45.76393127441406
18,48.85568618774414
19,48.4357795715332
20,46.919952392578125
21,44.044864654541016
22,19.930225372314453
23,26.564212799072266
24,26.110450744628906
25,20.4224853515625
26,21.712604522705078
27,19.88035774230957
28,15.742870330810547
29,13.538662910461426
30,23.48613739013672
31,46.1798210144043
32,49.25190353393555
33,28.04248046875
34,24.641151428222656
35,23.94352912902832
36,18.925920486450195
37,20.263256072998047
38,44.67747116088867
39,38.55204391479492
40,43.91566848754883
41,48.38904571533203
42,48.6184196472168
43,44.49178695678711
44,19.803815841674805
45,17.94307518005371
46,18.487157821655273
47,10.822578430175781
48,44.58727264404297
49,47.519859313964844
50,46.94597244262695
51,22.601058959960938
52,22.252185821533203
53,19.147769927978516
54,16.7654972076416
55,16.00623321533203
56,14.578042030334473
57,14.195090293884277
58,27.01582908630371
59,28.989439010620117
60,40.452178955078125
61,41.41626739501953
62,41.13772964477539
63,41.78644943237305
64,44.6831169128418
65,47.74808883666992
66,47.43995666503906
67,46.212646484375
68,43.62828826904297
69,26.311227798461914
70,22.547521591186523
71,21.29405975341797
72,18.17131805419922
73,18.1922664642334
74,14.50640869140625
75,6.7325663566589355
76,39.82891845703125
77,35.003662109375
78,40.0009651184082
79,47.49340057373047
80,12.862112998962402
81,14.51905632019043
82,21.625709533691406
83,15.088397026062012
84,14.512628555297852
85,9.824506759643555
86,19.358936309814453
87,35.60877227783203
88,43.61241149902344
89,39.76797103881836
90,48.295413970947266
91,47.972267150878906
92,46.87818145751953
93,46.19917297363281
94,26.69284439086914
95,13.895339965820312
96,23.258522033691406
97,9.671353340148926
98,7.702775001525879
99,18.926422119140625
100,37.74885940551758
101,47.730987548828125
102,14.414555549621582
103,16.032026290893555
104,13.55859661102295
105,41.241424560546875
106,33.62510299682617
107,48.662498474121094
108,43.54963684082031
109,15.391434669494629
110,9.564424514770508
111,8.60842227935791
112,18.969987869262695
113,31.26835060119629
114,34.33197021484375
115,47.38301086425781
116,49.055625915527344
117,40.83007049560547
118,22.362802505493164
119,18.21806526184082
120,17.995115280151367
121,14.978589057922363
122,29.075796127319336
123,47.29936981201172
124,46.708805084228516
125,38.71998977661133
126,37.80841827392578
127,37.26170349121094
128,39.63154602050781
129,31.679542541503906
130,48.1768913269043
131,46.06029510498047
132,45.77484893798828
133,24.8080997467041
134,20.27063751220703
135,18.913955688476562
136,35.8948860168457
137,44.462013244628906
138,48.736228942871094
139,47.023353576660156
140,46.63018035888672
141,43.702003479003906
142,26.836877822875977
143,14.754406929016113
144,20.394737243652344
145,18.969003677368164
146,19.109262466430664
147,47.910423278808594
148,48.190853118896484
149,47.52971649169922
150,46.97825622558594
151,17.1146240234375
152,17.817541122436523
153,16.7283935546875
154,9.296000480651855
155,19.46174430847168
156,35.64058303833008
157,43.408287048339844
158,40.29323959350586
159,43.9339599609375
160,48.553565979003906
161,48.71105194091797
162,48.08784103393555
163,46.926082611083984
164,44.09551239013672
165,26.97679901123047
166,14.322602272033691
167,19.268720626831055
168,17.220806121826172
169,17.088552474975586
170,11.88687801361084
171,10.792135238647461
172,43.9749641418457
173,48.32907485961914
174,44.08455276489258
175,26.798627853393555
176,22.31873321533203
177,17.377174377441406
178,17.762619018554688
179,9.296591758728027
180,43.748233795166016
181,48.313507080078125
182,48.66891860961914
183,48.174415588378906
184,39.55467987060547
185,17.241708755493164
186,17.801868438720703
187,37.433467864990234
188,31.7301025390625
189,46.842437744140625
190,43.26469802856445
191,43.73459243774414
192,40.611358642578125
193,40.74951934814453
194,38.79402542114258
195,38.372432708740234
196,38.54985046386719
197,41.39042663574219
198,36.3489990234375
199,47.24299621582031
200,46.26817321777344
201,25.321626663208008
202,22.599348068237305
203,15.977572441101074
204,14.819890975952148
205,15.737235069274902
206,35.340423583984375
207,38.590126037597656
208,48.19096755981445
209,47.95792007446289
210,46.90237808227539
211,45.87234878540039
212,26.293676376342773
213,13.755056381225586
214,21.793434143066406
215,21.947004318237305
216,16.684263229370117
217,20.325986862182617
218,43.761539459228516
219,47.451019287109375
220,46.23759841918945
221,43.57474136352539
222,26.62434959411621
223,16.515348434448242
224,9.000812530517578
225,19.93079376220703
226,42.1400032043457
227,47.58149337768555
228,17.32658576965332
229,22.121726989746094
230,17.877391815185547
231,15.411808967590332
232,40.22801208496094
233,49.086036682128906
234,47.753475189208984
235,19.936182022094727
236,24.422260284423828
237,19.878318786621094
238,21.328166961669922
239,42.94034194946289
240,31.799352645874023
241,36.12562942504883
242,49.665687561035156
243,50.453125
244,49.7322998046875
245,49.999996185302734
246,29.274232864379883
247,23.930871963500977
248,23.51225471496582
249,23.146799087524414
250,24.066789627075195
251,35.28822708129883
252,42.142242431640625
253,32.0622444152832
254,31.52958106994629
255,46.479454040527344
256,46.70623016357422
257,44.98413848876953
258,42.62604522705078
259,40.21991729736328
260,39.2712287902832
261,36.691009521484375
262,36.7628059387207
263,40.84382629394531
264,30.834674835205078
265,36.501121520996094
266,48.26845169067383
267,44.46482467651367
268,17.19086265563965
269,19.943389892578125
270,17.807689666748047
271,17.36435317993164
272,15.661871910095215
273,13.037668228149414
274,45.23784637451172
275,47.36396026611328
276,47.82003402709961
277,46.78459167480469
278,26.227828979492188
279,13.188825607299805
280,14.46470832824707
281,21.727432250976562
282,17.977924346923828
283,13.914958000183105
284,8.871118545532227
285,8.526071548461914
286,47.40231704711914
287,47.790767669677734
288,13.202013969421387
289,16.80239486694336
290,13.80334758758545
291,8.285053253173828
292,7.939283847808838
293,18.80515480041504
294,43.79899978637695
295,48.52625274658203
296,47.501399993896484
297,32.070396423339844
298,19.09621238708496
299,28.67711067199707
300,23.844667434692383
301,21.586069107055664
302,25.35694122314453
303,44.0644645690918
304,42.58390808105469
305,50.2346076965332
306,49.537315368652344
307,49.78064727783203
308,45.719871520996094
309,32.394020080566406
310,22.0550537109375
311,8.444574356079102
312,38.66887283325195
313,31.04026222229004
314,34.885963439941406
315,48.59067916870117
316,46.6002197265625
317,40.39714813232422
318,32.95962905883789
319,33.6795768737793
320,45.248680114746094
321,46.64524841308594
322,46.2299690246582
323,45.246517181396484
324,45.24028778076172
325,43.19123840332031
326,42.62063217163086
327,44.34675979614258
328,43.212249755859375
329,38.16524887084961
330,35.721885681152344
331,43.66805648803711
332,43.89738464355469
333,34.16301345825195
334,32.35162353515625
335,40.09061813354492
336,46.29127883911133
337,46.09356689453125
338,14.321358680725098
339,19.523345947265625
340,21.888296127319336
341,23.637907028198242
342,45.008384704589844
343,46.51691436767578
344,48.22346496582031
345,47.8594970703125
346,46.61855697631836
347,18.396156311035156
348,38.84996795654297
349,48.71298599243164
350,48.04962921142578
351,47.10089874267578
352,30.40584945678711
353,15.141846656799316
354,25.37356185913086
355,18.795717239379883
356,16.587739944458008
357,22.79899024963379
358,37.07387924194336
359,45.26399230957031
360,43.69770812988281
361,49.293975830078125
362,16.53757095336914
363,26.110031127929688
364,22.727930068969727
365,20.196352005004883
366,13.79211711883545
367,22.903411865234375
368,43.67709732055664
369,48.76912307739258
370,48.01960754394531
371,46.98139953613281
372,47.134586334228516
373,20.989057540893555
374,22.820125579833984
375,11.384061813354492
376,22.767818450927734
377,33.8866081237793
378,37.080596923828125
379,48.298736572265625
380,28.997591018676758
381,18.27985382080078
382,17.889568328857422
383,31.4671630859375
384,46.87360382080078
385,46.61661911010742
386,46.986507415771484
387,44.87718200683594
388,42.333030700683594
389,39.40945053100586
390,37.917449951171875
391,35.7275390625
392,47.52556228637695
393,47.600650787353516
394,46.86680603027344
395,15.362741470336914
396,17.290800094604492
397,23.20267677307129
398,23.0397891998291
399,16.900978088378906
400,14.257380485534668
401,37.57474136352539
402,39.92457962036133
403,47.6434440612793
404,46.36993408203125
405,44.7679328918457
406,30.5804386138916
407,17.76333999633789
408,22.8564395904541
409,20.084211349487305
410,18.906888961791992
411,13.638301849365234
412,44.595584869384766
413,40.315216064453125
414,44.85793685913086
415,48.41434097290039
416,47.49068832397461
417,46.98165512084961
418,46.58243179321289
419,30.617677688598633
420,18.695886611938477
421,10.785252571105957
422,46.03640365600586
423,42.08357620239258
424,48.862422943115234
425,49.21255111694336
426,44.58380889892578
427,27.608861923217773
428,23.40052032470703
429,39.18537902832031
430,43.15611267089844
431,47.70411682128906
432,46.51689147949219
433,43.642120361328125
434,27.06053924560547
435,32.75564956665039
436,28.7469425201416
437,25.30118751525879
438,47.27937698364258
439,48.05940628051758
440,48.579368591308594
441,40.30592346191406
442,33.61838150024414
443,33.77778244018555
444,28.37477684020996
445,36.09540939331055
446,31.595163345336914
447,32.95287322998047
448,46.333038330078125
449,45.61692428588867
450,44.67947769165039
451,41.08428192138672
452,41.67207336425781
453,40.43022537231445
454,42.12602996826172
455,40.70484161376953
456,38.401573181152344
457,44.61714553833008
458,47.87736892700195
459,47.674251556396484
460,37.576725006103516
461,25.111122131347656
462,28.371471405029297
463,23.97389793395996
464,33.61387252807617
465,37.76836395263672
466,47.975101470947266
467,47.47822570800781
468,46.48715591430664
469,44.23777770996094
470,15.415130615234375
471,19.849689483642578
472,21.374034881591797
473,19.132036209106445
474,14.114108085632324
475,23.599864959716797
476,47.76720428466797
477,45.323341369628906
478,30.082843780517578
479,23.291667938232422
480,22.373640060424805
481,20.686168670654297
482,21.71741485595703
483,47.8987922668457
484,46.76914596557617
485,46.204345703125
486,31.900245666503906
487,30.437053680419922
488,24.37632179260254
489,16.189186096191406
490,15.525039672851562
491,37.499732971191406
492,44.31047439575195
493,49.06425476074219
494,48.89107894897461
495,47.80257034301758
496,18.792667388916016
497,26.77125358581543
498,41.01560592651367
499,48.59902572631836
500,48.23515319824219
501,48.7174072265625
502,48.21592712402344
503,48.3213005065918
504,29.503385543823242
505,29.197391510009766
506,25.68138885498047
507,22.504541397094727
508,22.529794692993164
509,42.920223236083984
510,46.323081970214844
511,46.673187255859375
512,45.73560333251953
513,45.00947952270508
514,44.65885925292969
515,43.08815383911133
516,42.19892120361328
517,41.71632766723633
518,47.16391372680664
519,47.27275085449219
520,20.726154327392578
521,25.67155647277832
522,20.287456512451172
523,20.574508666992188
524,15.560083389282227
525,44.304290771484375
526,47.82058334350586
527,47.925289154052734
528,46.83627700805664
529,30.258201599121094
530,18.774208068847656
531,21.532520294189453
532,18.468564987182617
533,15.947916030883789
534,14.690138816833496
535,45.60017013549805
536,28.36945152282715
537,17.03801155090332
538,15.999332427978516
539,16.54881477355957
540,11.992257118225098
541,11.376282691955566
542,44.797611236572266
543,42.13997268676758
544,48.26022720336914
545,44.796791076660156
546,15.284558296203613
547,19.034137725830078
548,21.269569396972656
549,20.475791931152344
550,14.352407455444336
551,38.619319915771484
552,44.7944450378418
553,48.599361419677734
554,48.24733352661133
555,45.378562927246094
556,27.595535278320312
557,16.984825134277344
558,22.28495216369629
559,22.577598571777344
560,18.927005767822266
561,19.33681869506836
562,18.695154190063477
563,17.334033966064453
564,12.960283279418945
565,12.11217212677002
566,44.96611404418945
567,37.327049255371094
568,40.051727294921875
569,49.078521728515625
570,48.760860443115234
571,29.313234329223633
572,42.0789909362793
573,46.97737121582031
574,46.88549041748047
575,47.31963348388672
576,46.872947692871094
577,44.248111724853516
578,40.70887756347656
579,45.91847610473633
580,45.124576568603516
581,38.83059310913086
582,48.399085998535156
583,48.49809265136719
584,15.37387752532959
585,18.4200439453125
586,25.232521057128906
587,25.035242080688477
588,19.92466163635254
589,18.582937240600586
590,19.75503158569336
591,18.776025772094727
592,46.9578971862793
593,47.85709762573242
594,48.073177337646484
595,46.90815353393555
596,44.65062713623047
597,27.102449417114258
598,24.380634307861328
599,19.646263122558594
600,13.521546363830566
601,47.89000701904297
602,47.45463943481445
603,44.6571159362793
604,14.735909461975098
605,18.3061580657959
606,37.18266296386719
607,40.86961364746094
608,48.07624816894531
609,48.888458251953125
610,47.917884826660156
611,46.79029083251953
612,41.53845977783203
613,13.747748374938965
614,21.374103546142578
615,18.68349266052246
616,16.8231201171875
617,16.757905960083008
618,10.803121566772461
619,19.008913040161133
620,39.70572280883789
621,49.518680572509766
622,48.888587951660156
623,47.05905532836914
624,44.383079528808594
625,27.000389099121094
626,18.31288719177246
627,16.472869873046875
628,17.152416229248047
629,11.809280395507812
630,21.238439559936523
631,48.400821685791016
632,48.670589447021484
633,46.270301818847656
634,39.73141098022461
635,25.17411994934082
636,20.53243064880371
637,47.42749786376953
638,47.519134521484375
639,46.399410247802734
640,42.71031188964844
641,41.14078140258789
642,41.841514587402344
643,38.845703125
644,38.224544525146484
645,39.80522918701172
646,38.96739196777344
647,48.058536529541016
648,48.22895431518555
649,47.17546081542969
650,44.18409729003906
651,17.04430389404297
652,18.115217208862305
653,11.870223999023438
654,21.31028938293457
655,46.826560974121094
656,47.21759033203125
657,46.788082122802734
658,46.53303146362305
659,46.23783874511719
660,43.75568389892578
661,17.363012313842773
662,22.898988723754883
663,18.78291130065918
664,19.186744689941406
665,18.88346290588379
666,17.97166633605957
667,11.90787124633789
668,44.4764404296875
669,40.80304718017578
670,45.32209777832031
671,47.292659759521484
672,43.7218017578125
673,21.017976760864258
674,16.311325073242188
675,36.31541061401367
676,48.725765228271484
677,48.170677185058594
678,46.57768630981445
679,15.037425994873047
680,22.613500595092773
681,19.019001007080078
682,18.40415382385254
683,17.195953369140625
684,43.016231536865234
685,47.78202438354492
686,47.940818786621094
687,47.137901306152344
688,44.27177810668945
689,26.339757919311523
690,16.997493743896484
691,19.92462158203125
692,15.95439624786377
693,16.803054809570312
694,47.50713348388672
695,47.07834243774414
696,38.562171936035156
697,26.012826919555664
698,23.84918785095215
699,20.455657958984375
700,16.728355407714844
701,17.507003784179688
702,40.94586944580078
703,45.241458892822266
704,46.80205535888672
705,46.85187911987305
706,46.4031867980957
707,45.335086822509766
708,43.533634185791016
709,39.39423751831055
710,40.16660690307617
711,40.1953010559082
712,41.983943939208984
713,40.64863967895508
714,37.637027740478516
715,43.377342224121094
716,36.803802490234375
717,43.94207763671875
718,46.8222770690918
719,26.4996280670166
720,13.252850532531738
721,10.679021835327148
722,9.536208152770996
723,43.952842712402344
724,44.39863967895508
725,47.29039764404297
726,48.31901550292969
727,25.79261016845703
728,17.72168731689453
729,17.12602996826172
730,12.873123168945312
731,43.20926284790039
732,47.488197326660156
733,47.99854278564453
734,44.01366424560547
735,13.335357666015625
736,15.734313011169434
737,15.097940444946289
738,14.196693420410156
739,7.6953277587890625
740,33.4831657409668
741,43.457252502441406
742,48.05679702758789
743,48.50017166137695
744,48.369483947753906
745,26.44209861755371
746,16.823957443237305
747,21.406278610229492
748,21.678348541259766
749,15.832115173339844
750,15.0160493850708
751,13.526944160461426
752,42.04046630859375
753,49.149200439453125
754,48.50754165649414
755,47.26814270019531
756,46.90775680541992
757,17.673799514770508
758,18.319686889648438
759,16.384639739990234
760,16.347900390625
761,11.184749603271484
762,19.992637634277344
763,46.0484619140625
764,37.731143951416016
765,40.31526565551758
766,48.9329719543457
767,48.479122161865234
768,39.872886657714844
769,20.89659309387207
770,18.164588928222656
771,18.54106903076172
772,30.15509796142578
773,46.67952346801758
774,46.898841857910156
775,46.7664909362793
776,46.50437545776367
777,45.42319107055664
778,41.00244903564453
779,38.111183166503906
780,47.622928619384766
781,48.29209899902344
782,47.582733154296875
783,15.463530540466309
784,17.5648193359375
785,17.78508186340332
786,15.34237003326416
787,17.840072631835938
788,11.507436752319336
789,21.52649688720703
790,47.89031219482422
791,48.09053039550781
792,47.14048385620117
793,47.389652252197266
794,21.620054244995117
795,21.00600814819336
796,17.36504364013672
797,11.32555866241455
798,21.296907424926758
799,46.740821838378906
800,26.887014389038086
801,13.820401191711426
802,17.984533309936523
803,15.04684829711914
804,15.757034301757812
805,11.554208755493164
806,35.68490982055664
807,44.50597381591797
808,47.109737396240234
809,47.817222595214844
810,47.37755584716797
811,47.71796798706055
812,27.816448211669922
813,14.645539283752441
814,19.314172744750977
815,19.14006996154785
816,18.4707088470459
817,43.23101806640625
818,37.02900314331055
819,49.7560920715332
820,47.93157958984375
821,33.86537551879883
822,38.373558044433594
823,28.60576820373535
824,27.150070190429688
825,27.574113845825195
826,50.20981216430664
827,49.42066192626953
828,38.882259368896484
829,34.2850456237793
830,35.644065856933594
831,31.229625701904297
832,42.056156158447266
833,39.109344482421875
834,46.78343200683594
835,46.154815673828125
836,45.13427734375
837,41.094512939453125
838,40.38222122192383
839,38.774688720703125
840,48.325252532958984
841,48.43736267089844
842,47.94310760498047
843,38.7488899230957
844,27.079795837402344
845,20.45447540283203
846,31.404247283935547
847,40.52106475830078
848,48.42507553100586
849,48.6392707824707
850,48.10200119018555
851,18.198759078979492
852,24.3840389251709
853,22.32616424560547
854,20.211523056030273
855,21.61370086669922
856,16.25897979736328
857,43.0328369140625
858,47.41396713256836
859,48.32078170776367
860,47.561885833740234
861,47.13298416137695
862,14.47134780883789
863,24.218172073364258
864,20.18141746520996
865,18.25497055053711
866,23.622522354125977
867,46.567710876464844
868,43.11018753051758
869,49.95586013793945
870,48.26802062988281
871,35.36492156982422
872,30.69478988647461
873,23.002975463867188
874,46.561126708984375
875,48.179168701171875
876,48.95140838623047
877,48.620819091796875
878,46.77550506591797
879,17.856828689575195
880,10.68832015991211
881,10.332718849182129
882,21.68805694580078
883,44.85993957519531
884,36.619964599609375
885,48.511043548583984
886,49.0379638671875
887,48.319923400878906
888,48.033172607421875
889,47.30509948730469
890,39.70564651489258
891,22.608232498168945
892,17.796316146850586
893,19.937145233154297
894,37.54466247558594
895,46.90715026855469
896,43.9654655456543
897,40.14912414550781
898,42.88408279418945
899,41.80244445800781
900,46.83631134033203
901,47.43033981323242
902,46.886322021484375
903,26.194091796875
904,15.346997261047363
905,17.21320915222168
906,22.13396644592285
907,17.885000228881836
908,15.27166748046875
909,12.068172454833984
910,35.435821533203125
911,45.28424835205078
912,46.87954330444336
913,46.365474700927734
914,46.304046630859375
915,23.729429244995117
916,20.761470794677734
917,15.872928619384766
918,17.52532958984375
919,11.21959114074707
920,47.54887008666992
921,48.08261489868164
922,47.06552505493164
923,13.53969955444336
924,21.245954513549805
925,19.59687042236328
926,15.65367317199707
927,17.684524536132812
928,10.418787002563477
929,8.942892074584961
930,20.84705924987793
931,36.180198669433594
932,45.2449951171875
933,47.91713333129883
934,14.608925819396973
935,17.813905715942383
936,16.86990737915039
937,14.405943870544434
938,11.562074661254883
939,21.17266845703125
940,43.81146240234375
941,48.315608978271484
942,48.3905143737793
943,47.0250358581543
944,46.669925689697266
945,26.651824951171875
946,14.617177963256836
947,23.073013305664062
948,21.669113159179688
949,15.846135139465332
950,38.42079544067383
951,48.0321044921875
952,48.8494873046875
953,46.824615478515625
954,40.246978759765625
955,24.6468563079834
956,24.200895309448242
957,16.537944793701172
958,38.8127326965332
959,36.03361511230469
960,44.084991455078125
961,47.2987174987793
962,47.057796478271484
963,44.991844177246094
964,45.290958404541016
965,44.23407745361328
966,43.8511962890625
967,41.542510986328125
968,42.346771240234375
969,42.60014343261719
970,38.1203727722168
971,37.63020706176758
972,47.148189544677734
973,13.067621231079102
974,15.827970504760742
975,22.274276733398438
976,18.623037338256836
977,16.71121597290039
978,17.457660675048828
979,13.616764068603516
980,10.82374382019043
981,23.29503631591797
982,45.821598052978516
983,47.498085021972656
984,47.61467361450195
985,46.606300354003906
986,22.691295623779297
987,16.060352325439453
988,13.884963989257812
989,8.847787857055664
990,35.30021667480469
991,44.563167572021484
992,48.16035842895508
993,47.61347961425781
994,46.608367919921875
995,46.764808654785156
996,26.375667572021484
997,14.466615676879883
998,17.14520263671875
999,20.864646911621094
1000,17.987695693969727
1001,15.946139335632324
1002,16.671358108520508
1003,11.029023170471191
1004,19.806581497192383
1005,44.444095611572266
1006,47.96062469482422
1007,46.834983825683594
1008,44.2126350402832
1009,26.543149948120117
1010,17.330608367919922
1011,17.84953498840332
1012,11.29421329498291
1013,10.245564460754395
1014,43.92095947265625
1015,48.65707015991211
1016,47.57743453979492
1017,27.398096084594727
1018,17.5093994140625
1019,22.74332618713379
1020,14.688332557678223
1021,16.0090274810791
1022,9.464119911193848
1023,36.58041763305664
1024,43.775733947753906
1025,36.13577651977539
1026,48.83864212036133
1027,27.659780502319336
1028,21.544527053833008
1029,18.394336700439453
1030,19.158592224121094
1031,18.25617790222168
1032,19.443113327026367
1033,40.1805419921875
1034,39.61812973022461
1035,44.87803649902344
1036,46.84449005126953
1037,47.2142219543457
1038,42.68482208251953
1039,40.5123405456543
1040,39.54679489135742
1041,37.74264907836914
1042,35.35367202758789
1043,32.751468658447266
1044,42.23353958129883
1045,37.0416374206543
1046,35.598724365234375
1047,47.38056564331055
1048,46.25091552734375
1049,46.703521728515625
1050,26.800636291503906
1051,23.711828231811523
1052,20.0290470123291
1053,11.44843578338623
1054,44.03835678100586
1055,48.44450378417969
1056,47.369544982910156
1057,46.128822326660156
1058,43.619876861572266
1059,13.361428260803223
1060,20.049726486206055
1061,17.24355125427246
1062,8.467018127441406
1063,33.11733627319336
1064,41.90383529663086
1065,39.979949951171875
1066,48.051780700683594
1067,46.800079345703125
1068,47.26823043823242
1069,46.03835678100586
1070,45.641441345214844
1071,43.27690124511719
1072,13.436483383178711
1073,14.858845710754395
1074,13.381481170654297
1075,19.158409118652344
1076,32.99784851074219
1077,47.86098098754883
1078,44.14415740966797
1079,13.389618873596191
1080,15.796419143676758
1081,15.311963081359863
1082,14.595680236816406
1083,10.808908462524414
1084,42.87635040283203
1085,37.74036407470703
1086,43.63084411621094
1087,46.962615966796875
1088,18.204994201660156
1089,10.487751007080078
1090,36.837154388427734
1091,39.53128433227539
1092,47.520530700683594
1093,47.434757232666016
1094,45.892059326171875
1095,38.50617980957031
1096,24.677886962890625
1097,21.333688735961914
1098,14.849725723266602
1099,15.492902755737305
1100,15.710271835327148
1101,28.153926849365234
1102,36.38959884643555
1103,35.25584030151367
1104,28.85295295715332
1105,29.82198143005371
1106,46.60181427001953
1107,46.17629623413086
1108,43.095462799072266
1109,37.484596252441406
1110,39.24359130859375
1111,37.795257568359375
1112,34.43376541137695
1113,41.755069732666016
1114,41.41684341430664
1115,47.674285888671875
1116,47.00727844238281
1117,46.4434700012207
1118,24.409204483032227
1119,21.392343521118164
1120,35.89991760253906
1121,40.48423767089844
1122,43.84962844848633
1123,48.90288162231445
1124,45.39775848388672
1125,31.36629295349121
1126,30.76363754272461
1127,29.629240036010742
1128,33.516563415527344
1129,38.5362663269043
1130,45.859981536865234
1131,48.34380340576172
1132,46.900733947753906
1133,44.36880111694336
1134,28.127010345458984
1135,18.03400993347168
1136,21.031755447387695
1137,18.64006805419922
1138,18.350284576416016
1139,12.160429000854492
1140,45.16518020629883
1141,41.10157012939453
1142,48.60725402832031
1143,49.026859283447266
1144,47.49125289916992
1145,27.468921661376953
1146,17.270296096801758
1147,19.351154327392578
1148,46.42851257324219
1149,44.39957809448242
1150,15.299006462097168
1151,23.40774154663086
1152,22.291967391967773
1153,18.856054306030273
1154,19.17872428894043
1155,11.80095386505127
1156,10.906740188598633
1157,22.072376251220703
1158,38.201934814453125
1159,36.722537994384766
1160,48.601810455322266
1161,48.11676788330078
1162,48.53010177612305
1163,48.03904342651367
1164,27.419158935546875
1165,19.26881217956543
1166,20.438539505004883
1167,19.71746253967285
1168,44.803977966308594
1169,47.22662353515625
1170,45.45280456542969
1171,40.91667938232422
1172,35.051631927490234
1173,36.37065505981445
1174,44.8854866027832
1175,47.838966369628906
1176,46.4620475769043
1177,28.221614837646484
1178,15.533016204833984
1179,17.90939712524414
1180,18.304292678833008
1181,17.605146408081055
1182,12.241928100585938
1183,45.87969970703125
1184,44.738311767578125
1185,47.5566520690918
1186,46.630741119384766
1187,46.10845184326172
1188,26.514469146728516
1189,18.724063873291016
1190,16.07522964477539
1191,18.457162857055664
1192,36.31123352050781
1193,44.14246368408203
1194,47.35704040527344
1195,46.36164093017578
1196,45.90791320800781
1197,43.4755744934082
1198,26.029428482055664
1199,43.53779602050781
1200,47.723854064941406
1201,47.2591552734375
1202,43.1268310546875
1203,15.258532524108887
1204,21.10550880432129
1205,16.968210220336914
1206,16.147891998291016
1207,9.222535133361816
1208,18.740554809570312
1209,35.02567672729492
1210,47.21856689453125
1211,45.40012741088867
1212,22.07322883605957
1213,18.65638542175293
1214,19.4591121673584
1215,17.034130096435547
1216,47.93992614746094
1217,48.42407989501953
1218,47.902870178222656
1219,40.14423370361328
1220,25.389333724975586
1221,21.610265731811523
1222,17.877880096435547
1223,19.558862686157227
1224,19.64859962463379
1225,17.31147575378418
1226,16.46422576904297
1227,40.31224060058594
1228,35.2551155090332
1229,36.894893646240234
1230,46.155887603759766
1231,46.50632858276367
1232,41.280818939208984
1233,40.853824615478516
1234,38.8554801940918
1235,47.80551528930664
1236,14.554560661315918
1237,18.256208419799805
1238,16.480548858642578
1239,11.845303535461426
1240,20.794288635253906
1241,44.240238189697266
1242,40.62663650512695
1243,44.069698333740234
1244,48.061058044433594
1245,46.81150817871094
1246,17.671010971069336
1247,24.067686080932617
1248,21.955535888671875
1249,12.340312957763672
1250,44.375633239746094
1251,48.992225646972656
1252,47.820030212402344
1253,47.55595016479492
1254,22.700458526611328
1255,17.408910751342773
1256,17.965608596801758
1257,41.15674591064453
1258,48.351287841796875
1259,47.574005126953125
1260,46.77312088012695
1261,45.12196350097656
1262,27.279687881469727
1263,22.83933448791504
1264,17.450529098510742
1265,18.07193946838379
1266,15.745753288269043
1267,16.250539779663086
1268,20.657089233398438
1269,48.91086196899414
1270,48.72138595581055
1271,49.081214904785156
1272,45.59449005126953
1273,15.772656440734863
1274,18.76335334777832
1275,19.105470657348633
1276,17.808536529541016
1277,12.1071138381958
1278,20.58204460144043
1279,35.87896728515625
1280,43.62311935424805
1281,37.98739242553711
1282,48.099849700927734
1283,48.253395080566406
1284,47.43363952636719
1285,24.87978744506836
1286,24.8825740814209
1287,21.242603302001953
1288,18.476163864135742
1289,17.296064376831055
1290,36.15582275390625
1291,47.7529296875
1292,47.56118392944336
1293,45.05397415161133
1294,41.98234176635742
1295,39.72856140136719
1296,40.375587463378906
1297,36.051979064941406
1298,43.43754577636719
1299,47.5161247253418
1300,46.77466583251953
1301,44.749916076660156
1302,23.624980926513672
1303,13.285201072692871
1304,21.956443786621094
1305,48.11571502685547
1306,48.69088363647461
1307,48.49592971801758
1308,48.185298919677734
1309,37.3524284362793
1310,29.739831924438477
1311,34.917755126953125
1312,25.75937843322754
1313,23.32500457763672
1314,16.79640769958496
1315,31.199031829833984
1316,36.62915802001953
1317,39.52052688598633
1318,45.99371337890625
1319,47.95604705810547
1320,47.23298263549805
1321,45.38795471191406
1322,18.390026092529297
1323,15.134307861328125
1324,17.67582130432129
1325,23.845638275146484
1326,48.00985336303711
1327,21.69286346435547
1328,17.932104110717773
1329,15.289501190185547
1330,17.00339698791504
1331,12.472271919250488
1332,20.49793243408203
1333,35.98538589477539
1334,36.902488708496094
1335,48.49761962890625
1336,47.07680892944336
1337,45.03911209106445
1338,18.28359031677246
1339,17.85521697998047
1340,15.903071403503418
1341,15.585495948791504
1342,50.41974639892578
1343,49.510135650634766
1344,42.04135513305664
1345,29.085817337036133
1346,27.596036911010742
1347,18.853118896484375
1348,17.185340881347656
1349,40.46522521972656
1350,38.371070861816406
1351,43.5291633605957
1352,42.094058990478516
1353,41.26252365112305
1354,41.163787841796875
1355,38.07242202758789
1356,45.45642852783203
1357,38.89986801147461
1358,48.862911224365234
1359,27.629457473754883
1360,25.748668670654297
1361,24.025880813598633
1362,18.29654884338379
1363,14.628092765808105
1364,15.877123832702637
1365,12.214362144470215
1366,12.029314041137695
1367,37.61916732788086
1368,47.32182312011719
1369,28.284767150878906
1370,26.01035499572754
1371,16.993907928466797
1372,11.96397590637207
1373,39.58806610107422
1374,49.067928314208984
1375,48.142799377441406
1376,49.16067123413086
1377,28.095340728759766
1378,20.67268943786621
1379,42.93031311035156
1380,45.221351623535156
1381,47.84136199951172
1382,19.620906829833984
1383,11.99249267578125
1384,38.986515045166016
1385,44.21427917480469
1386,44.81484603881836
1387,48.242393493652344
1388,48.38117599487305
1389,44.90205383300781
1390,13.360424041748047
1391,17.832134246826172
1392,19.49920654296875
1393,15.440790176391602
1394,17.28291130065918
1395,11.613924980163574
1396,44.10567855834961
1397,49.1580696105957
1398,47.874305725097656
1399,48.4836311340332
1400,20.898439407348633
1401,23.432451248168945
1402,47.18387222290039
1403,46.62337112426758
1404,45.74617385864258
1405,43.93796157836914
1406,43.97782897949219
1407,43.32881164550781
1408,43.14828872680664
1409,42.26987838745117
1410,41.01671600341797
1411,44.65568542480469
1412,47.209415435791016
1413,47.04461669921875
1414,11.67629337310791
1415,24.5480899810791
1416,37.70637893676758
1417,46.51234436035156
1418,45.62511444091797
1419,45.70612335205078
1420,16.41497802734375
1421,23.996051788330078
1422,22.529052734375
1423,17.853445053100586
1424,15.928160667419434
1425,12.356162071228027
1426,11.088788986206055
1427,21.926929473876953
1428,39.82676696777344
1429,46.493160247802734
1430,47.34697341918945
1431,46.25482177734375
1432,45.299198150634766
1433,43.302364349365234
1434,22.244359970092773
1435,18.015853881835938
1436,19.435638427734375
1437,18.742923736572266
1438,11.676928520202637
1439,20.78445053100586
1440,35.44186782836914
1441,43.626609802246094
1442,47.80367660522461
1443,46.689022064208984
1444,44.21394729614258
1445,25.02109718322754
1446,14.3872652053833
1447,43.21638488769531
1448,46.709869384765625
1449,44.68393325805664
1450,26.075143814086914
1451,12.676716804504395
1452,14.682394027709961
1453,16.325395584106445
1454,10.230867385864258
1455,35.56743621826172
1456,37.074440002441406
1457,48.479740142822266
1458,48.093162536621094
1459,46.88591384887695
1460,25.64493751525879
1461,19.54678726196289
1462,18.9312744140625
1463,35.8405876159668
1464,45.2342643737793
1465,46.854225158691406
1466,46.66653060913086
1467,45.78049850463867
1468,43.318172454833984
1469,42.796138763427734
1470,42.63785171508789
1471,40.7191162109375
1472,46.641326904296875
1473,45.8775634765625
1474,13.091780662536621
1475,17.321802139282227
1476,16.361921310424805
1477,10.008228302001953
1478,36.73515701293945
1479,40.79248046875
1480,47.63948059082031
1481,46.61194610595703
1482,46.398136138916016
1483,26.45827865600586
1484,23.989524841308594
1485,22.410167694091797
1486,17.44757843017578
1487,14.803522109985352
1488,11.054179191589355
1489,12.252885818481445
1490,24.196407318115234
1491,36.299110412597656
1492,46.5086555480957
1493,46.31023025512695
1494,45.804344177246094
1495,44.296966552734375
1496,18.92622184753418
1497,18.99536895751953
1498,18.227310180664062
1499,11.464890480041504
1500,20.964935302734375
1501,35.67633819580078
1502,44.253623962402344
1503,46.76723861694336
1504,45.648380279541016
1505,43.017120361328125
1506,12.787967681884766
1507,15.98007869720459
1508,15.388376235961914
1509,16.63572883605957
1510,15.228592872619629
1511,10.955245018005371
1512,10.044110298156738
1513,37.00335693359375
1514,43.19378662109375
1515,36.89342498779297
1516,42.68806457519531
1517,19.220726013183594
1518,8.594816207885742
1519,34.91559982299805
1520,35.37940979003906
1521,46.994117736816406
1522,46.39509582519531
1523,25.2575740814209
1524,24.73631477355957
1525,18.08388328552246
1526,18.527616500854492
1527,19.255970001220703
1528,39.14142990112305
1529,34.04683303833008
1530,44.60963439941406
1531,46.27240753173828
1532,36.672271728515625
1533,37.939720153808594
1534,42.4155158996582
1535,41.712501525878906
1536,35.51233673095703
1537,48.57869338989258
1538,47.72086715698242
1539,48.63215255737305
1540,47.848690032958984
1541,45.62483215332031
1542,30.519155502319336
1543,27.3433895111084
1544,28.61935043334961
1545,26.263586044311523
1546,26.40032386779785
1547,37.40899658203125
1548,47.02876281738281
1549,47.2820930480957
1550,46.49633026123047
1551,43.24264144897461
1552,25.267776489257812
1553,20.444366455078125
1554,17.301298141479492
1555,15.254109382629395
1556,9.908766746520996
1557,21.705537796020508
1558,34.55500030517578
1559,47.57532501220703
1560,47.94098663330078
1561,46.5939826965332
1562,46.426822662353516
1563,13.260441780090332
1564,21.070207595825195
1565,11.617707252502441
1566,10.427079200744629
1567,21.859416961669922
1568,43.77896499633789
1569,47.409523010253906
1570,22.75955581665039
1571,21.944704055786133
1572,16.45949935913086
1573,15.353564262390137
1574,10.933283805847168
1575,21.472747802734375
1576,43.62474060058594
1577,42.47360610961914
1578,47.20069122314453
1579,47.42755126953125
1580,45.962005615234375
1581,42.40934753417969
1582,23.497966766357422
1583,18.709083557128906
1584,10.655921936035156
1585,8.82520866394043
1586,33.58618927001953
1587,40.76575469970703
1588,31.641704559326172
1589,35.21863555908203
1590,47.28617858886719
1591,47.55427551269531
1592,47.34859848022461
1593,39.75587844848633
1594,27.121183395385742
1595,23.3702449798584
1596,15.077404975891113
1597,30.506248474121094
1598,40.0609130859375
1599,34.51630401611328
1600,45.57197570800781
1601,45.634002685546875
1602,45.09648132324219
1603,44.1837158203125
1604,42.28593063354492
1605,38.25761032104492
1606,39.769309997558594
1607,37.716102600097656
1608,34.28841018676758
1609,46.88137435913086
1610,46.94341278076172
1611,46.7432746887207
1612,44.53289031982422
1613,17.040571212768555
1614,15.578909873962402
1615,15.130985260009766
1616,14.228416442871094
1617,33.2852897644043
1618,42.98857116699219
1619,47.4842643737793
1620,47.727760314941406
1621,46.64004898071289
1622,47.3770866394043
1623,45.575748443603516
1624,44.3353271484375
1625,26.260570526123047
1626,17.370004653930664
1627,23.243675231933594
1628,21.3502254486084
1629,15.93673038482666
1630,10.59520149230957
1631,47.86817169189453
1632,48.23594284057617
1633,47.19670486450195
1634,47.63474655151367
1635,45.66914367675781
1636,43.13351058959961
1637,15.818032264709473
1638,21.752225875854492
1639,21.121904373168945
1640,16.418453216552734
1641,11.115790367126465
1642,22.732654571533203
1643,36.451568603515625
1644,43.06917953491211
1645,47.12687683105469
1646,47.614013671875
1647,46.09614944458008
1648,22.093687057495117
1649,16.29605484008789
1650,16.877120971679688
1651,15.330862998962402
1652,9.710657119750977
1653,21.364513397216797
1654,36.7327995300293
1655,37.07090759277344
1656,46.17998504638672
1657,44.600425720214844
1658,16.34490203857422
1659,22.43105697631836
1660,21.529621124267578
1661,15.607122421264648
1662,18.03703498840332
1663,17.53386688232422
1664,17.174917221069336
1665,33.899051666259766
1666,46.42740249633789
1667,39.88987350463867
1668,27.71895980834961
1669,25.110450744628906
1670,24.153778076171875
1671,17.388036727905273
1672,36.449703216552734
1673,32.34745788574219
1674,34.00837707519531
1675,45.502685546875
1676,46.57412338256836
1677,46.53042984008789
1678,44.80682373046875
1679,43.17257308959961
1680,44.2715950012207
1681,47.43271255493164
1682,47.78813934326172
1683,47.12474822998047
1684,40.56182861328125
1685,33.13888931274414
1686,35.666473388671875
1687,28.32069206237793
1688,29.895994186401367
1689,28.13849449157715
1690,21.373706817626953
1691,30.843767166137695
1692,41.48113250732422
1693,38.91800308227539
1694,47.57502746582031
1695,46.84144592285156
1696,44.680606842041016
1697,14.848320007324219
1698,21.691625595092773
1699,21.349872589111328
1700,45.82648849487305
1701,46.074161529541016
1702,28.59436798095703
1703,13.395713806152344
1704,15.509993553161621
1705,18.346256256103516
1706,17.309431076049805
1707,12.676709175109863
1708,22.629501342773438
1709,41.36021423339844
1710,45.245540618896484
1711,48.678871154785156
1712,48.188934326171875
1713,44.96344757080078
1714,25.00322914123535
1715,20.166746139526367
1716,19.70962142944336
1717,15.002669334411621
1718,43.23836135864258
1719,42.67086410522461
1720,48.090335845947266
1721,46.812477111816406
1722,44.88164138793945
1723,29.468996047973633
1724,21.82158088684082
1725,21.439800262451172
1726,36.44803237915039
1727,43.39480209350586
1728,47.62358474731445
1729,40.37224197387695
1730,25.078901290893555
1731,19.300920486450195
1732,41.62646484375
1733,47.329463958740234
1734,47.22843551635742
1735,46.93193817138672
1736,43.77230453491211
1737,40.60551071166992
1738,38.36433029174805
1739,40.810699462890625
1740,40.394126892089844
1741,40.53321075439453
1742,34.912113189697266
1743,41.33307647705078
1744,34.9718017578125
1745,43.19294357299805
1746,16.222442626953125
1747,18.06300926208496
1748,21.63164710998535
1749,35.39798355102539
1750,39.136680603027344
1751,47.800453186035156
1752,48.03072738647461
1753,17.650863647460938
1754,24.58697509765625
1755,20.4971981048584
1756,18.339000701904297
1757,37.17985153198242
1758,47.938262939453125
1759,47.39104461669922
1760,47.81671905517578
1761,46.84884262084961
1762,43.73884201049805
1763,16.763063430786133
1764,16.86079978942871
1765,17.711524963378906
1766,21.470640182495117
1767,49.041446685791016
1768,48.060726165771484
1769,47.0932731628418
1770,25.453632354736328
1771,20.13758087158203
1772,16.193584442138672
1773,48.77456283569336
1774,47.94900894165039
1775,48.291725158691406
1776,47.01473617553711
1777,45.94345474243164
1778,13.860246658325195
1779,17.178009033203125
1780,17.94525909423828
1781,16.059192657470703
1782,18.26634407043457
1783,34.03367614746094
1784,41.50558853149414
1785,46.96922302246094
1786,41.21809387207031
1787,28.578548431396484
1788,21.38178825378418
1789,16.718021392822266
1790,17.855876922607422
1791,20.57402801513672
1792,18.882421493530273
1793,17.099939346313477
1794,40.1831169128418
1795,37.72136306762695
1796,34.89793395996094
1797,44.23023223876953
1798,45.91962432861328
1799,46.00248336791992
1800,45.37693405151367
1801,43.7648811340332
1802,41.40498352050781
1803,39.99477767944336
1804,39.0103874206543
1805,39.35811233520508
1806,36.301517486572266
1807,42.147666931152344
1808,41.686485290527344
1809,46.525455474853516
1810,46.719459533691406
1811,45.031185150146484
1812,45.44279098510742
1813,41.78006362915039
1814,13.37408447265625
1815,19.45549201965332
1816,18.97361183166504
1817,14.272476196289062
1818,22.272260665893555
1819,40.760894775390625
1820,44.42697525024414
1821,47.384002685546875
1822,45.45883560180664
1823,14.54071044921875
1824,17.207279205322266
1825,23.703502655029297
1826,17.58497428894043
1827,18.155784606933594
1828,21.07296371459961
1829,43.186763763427734
1830,39.20428466796875
1831,48.76365280151367
1832,47.0738639831543
1833,43.855865478515625
1834,30.312490463256836
1835,17.137157440185547
1836,25.123470306396484
1837,25.438289642333984
1838,20.576215744018555
1839,17.931453704833984
1840,20.07513999938965
1841,35.1518440246582
1842,39.604461669921875
1843,45.38274002075195
1844,22.349952697753906
1845,18.309709548950195
1846,18.47205352783203
1847,10.838237762451172
1848,41.18294143676758
1849,47.18708801269531
1850,46.5816535949707
1851,44.41951370239258
1852,24.019569396972656
1853,23.81973648071289
1854,19.05252456665039
1855,17.980541229248047
1856,17.69601821899414
1857,36.79863739013672
1858,33.23027038574219
1859,48.61617660522461
1860,46.907379150390625
1861,25.6148738861084
1862,27.766639709472656
1863,20.735849380493164
1864,18.47188377380371
1865,46.83475875854492
1866,47.16688537597656
1867,45.427268981933594
1868,43.968509674072266
1869,43.9324951171875
1870,37.59798812866211
1871,36.923248291015625
1872,42.064754486083984
1873,34.21441650390625
1874,47.89768600463867
1875,47.813167572021484
1876,47.011573791503906
1877,44.65950393676758
1878,27.136775970458984
1879,19.26460075378418
1880,11.58359432220459
1881,48.59504318237305
1882,48.71309280395508
1883,47.8053092956543
1884,48.241600036621094
1885,17.516515731811523
1886,23.728723526000977
1887,20.40407371520996
1888,17.77168846130371
1889,18.745807647705078
1890,48.46890640258789
1891,19.651918411254883
1892,27.998355865478516
1893,27.287010192871094
1894,18.724939346313477
1895,11.765064239501953
1896,48.40519714355469
1897,48.86981964111328
1898,20.020139694213867
1899,18.264619827270508
1900,12.645495414733887
1901,22.773197174072266
1902,38.08736801147461
1903,49.32170867919922
1904,45.82976150512695
1905,18.409378051757812
1906,20.657079696655273
1907,19.834674835205078
1908,20.602413177490234
1909,15.844247817993164
1910,23.751230239868164
1911,48.20820999145508
1912,47.76565933227539
1913,27.093759536743164
1914,24.396480560302734
1915,28.2556095123291
1916,18.36335563659668
1917,17.93936538696289
1918,30.20188331604004
1919,40.48760986328125
1920,38.058929443359375
1921,47.30815887451172
1922,44.23130798339844
1923,42.49495315551758
1924,39.26496887207031
1925,40.5655517578125
1926,42.38909912109375
1927,43.44557189941406
1928,44.06523513793945
1929,47.652252197265625
1930,29.434139251708984
1931,15.285304069519043
1932,21.404584884643555
1933,18.98023223876953
1934,19.85596466064453
1935,20.417064666748047
1936,44.939178466796875
1937,41.774139404296875
1938,43.7939338684082
1939,47.59238052368164
1940,47.14681625366211
1941,44.889076232910156
1942,30.539941787719727
1943,15.350092887878418
1944,25.302955627441406
1945,24.042232513427734
1946,17.390594482421875
1947,20.746801376342773
1948,43.976261138916016
1949,44.845123291015625
1950,49.113563537597656
1951,47.423622131347656
1952,45.195316314697266
1953,30.42333984375
1954,20.142210006713867
1955,19.69383430480957
1956,20.920272827148438
1957,15.051740646362305
1958,12.307132720947266
1959,41.65671920776367
1960,48.45009994506836
1961,48.867401123046875
1962,48.049800872802734
1963,48.66963577270508
1964,45.43645095825195
1965,24.641061782836914
1966,20.028120040893555
1967,44.00143051147461
1968,43.71782302856445
1969,48.801185607910156
1970,44.778202056884766
1971,17.853679656982422
1972,16.686981201171875
1973,19.233524322509766
1974,17.618743896484375
1975,11.416526794433594
1976,19.387609481811523
1977,39.571903228759766
1978,49.544193267822266
1979,48.56821823120117
1980,49.24146270751953
1981,47.182403564453125
1982,41.046321868896484
1983,28.100313186645508
1984,28.821468353271484
1985,24.425498962402344
1986,22.844619750976562
1987,21.722986221313477
1988,37.090694427490234
1989,44.86796188354492
1990,46.94285583496094
1991,46.74408721923828
1992,46.70182418823242
1993,44.0861930847168
1994,42.27069091796875
1995,41.094696044921875
1996,39.6861457824707
1997,40.352230072021484
1998,48.11602783203125
1999,29.73539161682129
2000,18.308385848999023
2001,20.265838623046875
2002,20.235780715942383
2003,13.77708625793457
2004,22.171091079711914
2005,44.19927978515625
2006,44.86939239501953
2007,48.502891540527344
2008,16.15795135498047
2009,17.269027709960938
2010,24.078411102294922
2011,18.674455642700195
2012,12.887106895446777
2013,15.81086254119873
2014,21.58819580078125
2015,18.696571350097656
2016,18.25324058532715
2017,13.605976104736328
2018,35.501590728759766
2019,40.47502517700195
2020,43.71300506591797
2021,48.93219757080078
2022,48.70389938354492
2023,47.63484191894531
2024,22.968746185302734
2025,18.33650779724121
2026,20.057100296020508
2027,21.042240142822266
2028,15.754569053649902
2029,45.48518753051758
2030,39.3215217590332
2031,44.02233123779297
2032,46.70774841308594
2033,44.978424072265625
2034,20.42542266845703
2035,18.408063888549805
2036,17.017263412475586
2037,18.016069412231445
2038,9.999211311340332
2039,49.39052200317383
2040,48.33306121826172
2041,49.15414810180664
2042,27.765625
2043,26.45465660095215
2044,21.551774978637695
2045,21.577682495117188
2046,41.31640625
2047,39.6385612487793
2048,35.075653076171875
2049,42.16401290893555
2050,37.541587829589844
2051,42.90510177612305
2052,36.969276428222656
2053,47.12418746948242
2054,47.85831069946289
2055,46.82007598876953
2056,19.537263870239258
2057,26.025136947631836
2058,22.31282615661621
2059,19.29545783996582
2060,21.485374450683594
2061,16.757177352905273
2062,14.042911529541016
2063,46.949913024902344
2064,47.748924255371094
2065,46.29183578491211
2066,17.756189346313477
2067,21.824216842651367
2068,17.2951602935791
2069,18.600482940673828
2070,10.604178428649902
2071,35.489402770996094
2072,40.295021057128906
2073,44.25342559814453
2074,48.26314163208008
2075,27.84669303894043
2076,14.630572319030762
2077,15.293075561523438
2078,17.156383514404297
2079,18.980012893676758
2080,20.696088790893555
2081,34.7435302734375
2082,47.95429992675781
2083,46.75987243652344
2084,45.09364318847656
2085,13.723904609680176
2086,21.845508575439453
2087,17.83348274230957
2088,18.735746383666992
2089,43.11349868774414
2090,42.22153854370117
2091,49.003700256347656
2092,47.9951286315918
2093,48.08891677856445
2094,44.721622467041016
2095,16.314739227294922
2096,18.7801456451416
2097,15.054083824157715
2098,15.641837120056152
2099,15.553984642028809
2100,11.29416275024414
2101,36.84171676635742
2102,48.469417572021484
2103,49.06328582763672
2104,48.372840881347656
2105,47.608890533447266
2106,27.79660415649414
2107,25.222782135009766
2108,25.523265838623047
2109,24.86528778076172
2110,21.094064712524414
2111,18.325115203857422
2112,17.981489181518555
2113,32.4056396484375
2114,44.77882385253906
2115,46.778568267822266
2116,46.04999542236328
2117,43.495208740234375
2118,44.789581298828125
2119,39.45848846435547
2120,38.3393440246582
2121,37.14866638183594
2122,41.12663269042969
2123,40.03147506713867
2124,35.18038558959961
2125,34.604408264160156
2126,47.9881706237793
2127,48.063720703125
2128,46.6517219543457
2129,46.590763092041016
2130,45.21061706542969
2131,18.593372344970703
2132,23.79471206665039
2133,19.557266235351562
2134,17.188026428222656
2135,19.150487899780273
2136,18.125885009765625
2137,11.064942359924316
2138,47.61298370361328
2139,48.181888580322266
2140,16.416933059692383
2141,17.31496238708496
2142,42.10391616821289
2143,48.21403121948242
2144,47.9367561340332
2145,43.98729705810547
2146,13.78364372253418
2147,21.473922729492188
2148,16.6678524017334
2149,15.27476978302002
2150,19.098068237304688
2151,37.993675231933594
2152,42.70601272583008
2153,48.49493408203125
2154,49.078243255615234
2155,46.936954498291016
2156,15.155274391174316
2157,17.03581428527832
2158,21.580123901367188
2159,19.452512741088867
2160,20.824647903442383
2161,15.656951904296875
2162,39.30951690673828
2163,43.930015563964844
2164,46.42119598388672
2165,28.439119338989258
2166,13.423057556152344
2167,15.135347366333008
2168,18.802734375
2169,17.56890296936035
2170,17.01961326599121
2171,14.404398918151855
2172,13.69926929473877
2173,6.820493221282959
2174,39.7642822265625
2175,33.144649505615234
2176,37.78178024291992
2177,48.65127182006836
2178,49.08465576171875
2179,49.19325637817383
2180,21.30331802368164
2181,18.805234909057617
2182,19.096277236938477
2183,18.5887508392334
2184,16.927820205688477
2185,29.351539611816406
2186,38.43110275268555
2187,35.58179473876953
2188,47.21455383300781
2189,46.90703201293945
2190,47.245880126953125
2191,46.831451416015625
2192,46.897159576416016
2193,45.80524444580078
2194,44.71537399291992
2195,44.21104049682617
2196,42.34320068359375
2197,40.71384811401367
2198,40.4970817565918
2199,39.14287567138672
2200,38.08974075317383
2201,41.90033721923828
2202,47.17100143432617
2203,46.163063049316406
2204,45.89529800415039
2205,13.957005500793457
2206,19.135486602783203
2207,11.633843421936035
2208,38.95119857788086
2209,42.66716766357422
2210,46.083961486816406
2211,43.336727142333984
2212,22.799985885620117
2213,19.206209182739258
2214,17.944093704223633
2215,16.993724822998047
2216,8.245170593261719
2217,19.18907356262207
2218,42.62965393066406
2219,47.63355255126953
2220,48.13880920410156
2221,46.96208190917969
2222,46.70072555541992
2223,45.005794525146484
2224,14.599042892456055
2225,16.867584228515625
2226,17.33782958984375
2227,18.826854705810547
2228,12.318480491638184
2229,10.6414155960083
2230,20.864830017089844
2231,43.750282287597656
2232,48.39373016357422
2233,48.7164306640625
2234,48.42524719238281
2235,47.921470642089844
2236,45.73720932006836
2237,15.120024681091309
2238,18.36849594116211
2239,25.732078552246094
2240,14.634475708007812
2241,23.149187088012695
2242,36.501468658447266
2243,47.795894622802734
2244,48.14653396606445
2245,47.28071212768555
2246,47.709129333496094
2247,46.68903350830078
2248,44.62786102294922
2249,28.53883934020996
2250,13.74301815032959
2251,20.318655014038086
2252,19.581758499145508
2253,14.830546379089355
2254,17.27579116821289
2255,14.913558006286621
2256,7.34070348739624
2257,16.26506805419922
2258,28.003986358642578
2259,32.579917907714844
2260,47.86493682861328
2261,48.38361740112305
2262,47.77231979370117
2263,24.664413452148438
2264,17.357851028442383
2265,17.264570236206055
2266,34.72941589355469
2267,47.280906677246094
2268,45.588653564453125
2269,38.85636901855469
2270,41.62185287475586
2271,40.02061080932617
2272,39.35515594482422
2273,40.495361328125
2274,41.51136779785156
2275,42.31023406982422
2276,36.39845275878906
2277,36.05329513549805
2278,48.14124298095703
2279,47.42998123168945
2280,48.308048248291016
2281,47.010379791259766
2282,25.545618057250977
2283,25.633460998535156
2284,21.761812210083008
2285,18.16255760192871
2286,19.42852210998535
2287,19.356487274169922
2288,11.881397247314453
2289,41.3742561340332
2290,45.85125732421875
2291,23.648046493530273
2292,12.939990043640137
2293,16.166257858276367
2294,19.44301414489746
2295,16.909549713134766
2296,16.695175170898438
2297,44.638484954833984
2298,40.59039306640625
2299,48.17093276977539
2300,47.20126724243164
2301,21.771135330200195
2302,16.81870460510254
2303,12.339303016662598
2304,14.826722145080566
2305,10.305530548095703
2306,7.1081461906433105
2307,39.099388122558594
2308,43.59232711791992
2309,48.50996398925781
2310,47.28237533569336
2311,48.18070983886719
2312,46.59212875366211
2313,43.788333892822266
2314,23.68427276611328
2315,48.18605422973633
2316,48.332794189453125
2317,46.27975845336914
2318,22.946971893310547
2319,15.254779815673828
2320,22.47492218017578
2321,21.55388641357422
2322,16.41463851928711
2323,8.53869915008545
2324,15.694059371948242
2325,34.393898010253906
2326,47.15888595581055
2327,48.443748474121094
2328,48.01493453979492
2329,47.249794006347656
2330,46.430030822753906
2331,38.11320114135742
2332,23.876272201538086
2333,22.66486167907715
2334,15.67912769317627
2335,15.259140968322754
2336,13.08924674987793
2337,37.80687713623047
2338,33.08832550048828
2339,34.68489456176758
2340,47.21217727661133
2341,41.80256271362305
2342,40.58255386352539
2343,41.41266632080078
2344,39.10783767700195
2345,40.289127349853516
2346,47.34467315673828
2347,47.447364807128906
2348,13.091907501220703
2349,24.012693405151367
2350,19.718608856201172
2351,16.72294807434082
2352,19.94462776184082
2353,40.37669372558594
2354,47.504825592041016
2355,47.75336456298828
2356,47.08924865722656
2357,43.272361755371094
2358,15.753244400024414
2359,21.547168731689453
2360,18.182538986206055
2361,15.689943313598633
2362,15.939079284667969
2363,11.096756935119629
2364,8.194990158081055
2365,33.722145080566406
2366,48.02587890625
2367,48.21226119995117
2368,46.827537536621094
2369,43.756202697753906
2370,24.000104904174805
2371,14.256689071655273
2372,33.98474884033203
2373,43.40602111816406
2374,48.344703674316406
2375,46.8784065246582
2376,12.628825187683105
2377,21.63374137878418
2378,18.154800415039062
2379,16.930076599121094
2380,8.483036041259766
2381,33.26286697387695
2382,40.42582702636719
2383,48.34088134765625
2384,46.44502258300781
2385,43.686073303222656
2386,12.57717227935791
2387,19.401046752929688
2388,16.08877944946289
2389,32.34778594970703
2390,48.12852478027344
2391,48.45990753173828
2392,47.798805236816406
2393,25.07121467590332
2394,24.716184616088867
2395,18.106321334838867
2396,17.730560302734375
2397,13.109034538269043
2398,47.87532424926758
2399,47.539337158203125
2400,47.471229553222656
2401,36.45663070678711
2402,40.5279655456543
2403,42.172664642333984
2404,40.669654846191406
2405,37.49443435668945
2406,42.265621185302734
2407,43.44309616088867
2408,36.66569137573242
2409,48.652774810791016
2410,46.99965286254883
2411,25.557409286499023
2412,18.398399353027344
2413,23.717329025268555
2414,22.163612365722656
2415,18.48335075378418
2416,11.349017143249512
2417,41.00529479980469
2418,48.529319763183594
2419,46.728843688964844
2420,23.3741512298584
2421,17.98727798461914
2422,47.744327545166016
2423,46.638484954833984
2424,12.856619834899902
2425,15.595475196838379
2426,16.577049255371094
2427,16.450725555419922
2428,14.014143943786621
2429,13.353657722473145
2430,8.286688804626465
2431,5.891992568969727
2432,39.661720275878906
2433,48.33708953857422
2434,46.96963882446289
2435,24.113618850708008
2436,16.13214111328125
2437,22.520462036132812
2438,22.07896614074707
2439,15.817230224609375
2440,13.737039566040039
2441,40.90251159667969
2442,48.48643493652344
2443,48.035823822021484
2444,46.77484893798828
2445,44.5826416015625
2446,15.654471397399902
2447,21.4196834564209
2448,20.80777359008789
2449,14.574533462524414
2450,12.288228988647461
2451,14.952262878417969
2452,48.116817474365234
2453,37.33549880981445
2454,23.323060989379883
2455,27.383745193481445
2456,12.379325866699219
2457,35.35371398925781
2458,30.706308364868164
2459,46.525978088378906
2460,45.03684616088867
2461,41.04618453979492
2462,40.456275939941406
2463,40.79993438720703
2464,39.00859832763672
2465,34.942787170410156
2466,40.30559539794922
2467,41.168739318847656
2468,43.4702262878418
2469,47.29573059082031
2470,48.065269470214844
2471,47.35979461669922
2472,46.73468780517578
2473,25.516237258911133
2474,13.425691604614258
2475,14.907408714294434
2476,20.104759216308594
2477,16.369544982910156
2478,15.285429000854492
2479,10.39486312866211
2480,9.47884464263916
2481,40.35905075073242
2482,45.085792541503906
2483,47.79052734375
2484,47.42498016357422
2485,46.782737731933594
2486,46.867313385009766
2487,30.079208374023438
2488,34.200050354003906
2489,36.02473449707031
2490,27.811805725097656
2491,26.086971282958984
2492,25.659833908081055
2493,19.203529357910156
2494,43.67375183105469
2495,39.7746696472168
2496,47.90590286254883
2497,46.67169952392578
2498,47.60138702392578
2499,44.35777282714844
2500,43.813873291015625
2501,20.480316162109375
2502,14.185099601745605
2503,15.414118766784668
2504,8.499626159667969
2505,17.983659744262695
2506,42.96107864379883
2507,48.87641906738281
2508,48.45786666870117
2509,46.8669319152832
2510,43.49702453613281
2511,13.919960975646973
2512,22.009300231933594
2513,17.822589874267578
2514,16.391895294189453
2515,16.858135223388672
2516,15.742732048034668
2517,34.673282623291016
2518,36.93201446533203
2519,16.185237884521484
2520,22.064956665039062
2521,17.00320053100586
2522,15.673198699951172
2523,9.774983406066895
2524,8.431676864624023
2525,17.193115234375
2526,33.8906364440918
2527,42.71788024902344
2528,47.929134368896484
2529,48.368011474609375
2530,49.47213363647461
2531,22.96038055419922
2532,23.14115333557129
2533,18.94253158569336
2534,15.560643196105957
2535,30.897369384765625
2536,42.93901443481445
2537,45.01969909667969
2538,44.9260139465332
2539,40.840511322021484
2540,39.2464485168457
2541,42.048274993896484
2542,40.08530807495117
2543,40.62535858154297
2544,47.02036666870117
2545,47.977691650390625
2546,47.18948745727539
2547,46.292755126953125
2548,36.065528869628906
2549,30.81502914428711
2550,27.75016975402832
2551,27.453174591064453
2552,21.314241409301758
2553,31.23350715637207
2554,43.914737701416016
2555,44.58494186401367
2556,48.043087005615234
2557,48.33134078979492
2558,46.6145133972168
2559,47.012718200683594
2560,44.34328842163086
2561,25.98206329345703
2562,14.153011322021484
2563,17.545576095581055
2564,23.753677368164062
2565,17.48163414001465
2566,17.24908447265625
2567,39.46419143676758
2568,47.47707748413086
2569,43.93124008178711
2570,16.476882934570312
2571,22.43107032775879
2572,18.767240524291992
2573,16.356792449951172
2574,10.753793716430664
2575,48.062259674072266
2576,25.515466690063477
2577,13.553000450134277
2578,11.032954216003418
2579,43.01451110839844
2580,41.91377258300781
2581,47.293052673339844
2582,47.604679107666016
2583,47.07448196411133
2584,46.93000793457031
2585,44.63405227661133
2586,16.975948333740234
2587,23.129011154174805
2588,18.009498596191406
2589,18.56443214416504
2590,16.454011917114258
2591,43.163211822509766
2592,35.12504577636719
2593,46.209999084472656
2594,46.1166877746582
2595,44.359596252441406
2596,21.73526954650879
2597,23.98551368713379
2598,23.38656234741211
2599,18.651636123657227
2600,17.617122650146484
2601,16.69999122619629
2602,16.302921295166016
2603,38.58205032348633
2604,47.10444641113281
2605,46.572715759277344
2606,45.530094146728516
2607,42.84769058227539
2608,41.43941879272461
2609,42.06816482543945
2610,39.973941802978516
2611,38.253623962402344
2612,35.53429412841797
2613,43.02982711791992
2614,36.622589111328125
2615,45.18164825439453
2616,47.906715393066406
2617,44.46534729003906
2618,25.324913024902344
2619,13.968459129333496
2620,16.782958984375
2621,23.668411254882812
2622,21.099802017211914
2623,19.3443546295166
2624,20.61210823059082
2625,19.075725555419922
2626,37.556549072265625
2627,48.40425491333008
2628,48.15553665161133
2629,46.81221008300781
2630,25.02422523498535
2631,23.30418586730957
2632,16.934375762939453
2633,18.37409019470215
2634,16.7398738861084
2635,36.464351654052734
2636,45.19315719604492
2637,40.12953567504883
2638,44.57334899902344
2639,47.254051208496094
2640,47.645477294921875
2641,46.38015365600586
2642,24.462736129760742
2643,15.998543739318848
2644,17.10531997680664
2645,14.393412590026855
2646,15.665870666503906
2647,14.720691680908203
2648,8.291110038757324
2649,43.47159194946289
2650,48.19783401489258
2651,47.79185104370117
2652,48.18275451660156
2653,46.58927917480469
2654,25.8206844329834
2655,16.541780471801758
2656,17.68942642211914
2657,15.795137405395508
2658,20.494762420654297
2659,43.287803649902344
2660,37.05568313598633
2661,48.3663444519043
2662,48.87321090698242
2663,46.89685821533203
2664,46.89629364013672
2665,25.37289810180664
2666,13.720357894897461
2667,19.01654052734375
2668,15.355027198791504
2669,16.683107376098633
2670,19.006834030151367
2671,42.479251861572266
2672,33.754852294921875
2673,20.017457962036133
2674,18.91685676574707
2675,18.607826232910156
2676,27.1220645904541
2677,34.015106201171875
2678,34.647220611572266
2679,46.944053649902344
2680,46.72245788574219
2681,45.31572723388672
2682,42.176109313964844
2683,38.122459411621094
2684,39.015743255615234
2685,39.16707992553711
2686,46.71146774291992
2687,45.66450881958008
2688,45.43601608276367
2689,43.26433181762695
2690,24.356504440307617
2691,14.715808868408203
2692,18.40151023864746
2693,11.238274574279785
2694,35.25110626220703
2695,45.08632278442383
2696,43.61454772949219
2697,47.560420989990234
2698,47.628719329833984
2699,44.73610305786133
2700,11.31881046295166
2701,14.08117389678955
2702,14.84350299835205
2703,16.17654037475586
2704,37.52156066894531
2705,41.73611831665039
2706,48.81925582885742
2707,45.74250030517578
2708,33.198944091796875
2709,37.095497131347656
2710,24.4442138671875
2711,27.728181838989258
2712,25.65460777282715
2713,25.6136417388916
2714,19.359464645385742
2715,45.9197883605957
2716,47.55640411376953
2717,46.900001525878906
2718,24.815532684326172
2719,17.173009872436523
2720,23.405902862548828
2721,16.688398361206055
2722,16.821075439453125
2723,15.694931983947754
2724,10.786681175231934
2725,20.61812973022461
2726,36.666717529296875
2727,48.59510040283203
2728,48.73646545410156
2729,44.87434768676758
2730,21.13228988647461
2731,15.156431198120117
2732,10.448859214782715
2733,19.557228088378906
2734,36.39545440673828
2735,48.00799560546875
2736,48.88441467285156
2737,48.82601547241211
2738,49.2884407043457
2739,48.805389404296875
2740,40.30208969116211
2741,27.032936096191406
2742,20.571102142333984
2743,18.793882369995117
2744,18.416034698486328
2745,17.91690444946289
2746,17.284481048583984
2747,35.89675521850586
2748,46.98737716674805
2749,47.14558410644531
2750,46.05724334716797
2751,42.83378601074219
2752,42.36152648925781
2753,40.45438003540039
2754,41.278404235839844
2755,38.82402801513672
2756,36.203765869140625
2757,46.193389892578125
2758,47.33833312988281
2759,46.95529556274414
2760,21.763608932495117
2761,15.087937355041504
2762,15.667974472045898
2763,12.113811492919922
2764,20.642250061035156
2765,39.05109786987305
2766,45.43403244018555
2767,47.280548095703125
2768,47.563331604003906
2769,46.461360931396484
2770,43.87600326538086
2771,13.663176536560059
2772,21.384817123413086
2773,22.099931716918945
2774,18.61322593688965
2775,19.940204620361328
2776,35.86494827270508
2777,44.13648986816406
2778,43.457420349121094
2779,47.4256591796875
2780,47.120975494384766
2781,47.68903732299805
2782,46.5964469909668
2783,43.27351379394531
2784,24.241168975830078
2785,12.37677001953125
2786,20.34661102294922
2787,16.42599868774414
2788,14.7201566696167
2789,7.300985813140869
2790,17.739276885986328
2791,32.977352142333984
2792,41.38364028930664
2793,37.793006896972656
2794,44.88325881958008
2795,48.355552673339844
2796,46.99406433105469
2797,16.468059539794922
2798,22.570817947387695
2799,21.233972549438477
2800,18.07148551940918
2801,16.097169876098633
2802,16.519559860229492
2803,14.63316822052002
2804,19.396757125854492
2805,36.33248519897461
2806,48.10032653808594
2807,48.85285186767578
2808,48.25064468383789
2809,26.86953353881836
2810,16.05746078491211
2811,20.756267547607422
2812,15.95559310913086
2813,14.101923942565918
2814,18.784269332885742
2815,42.67192077636719
2816,34.92459487915039
2817,46.50404739379883
2818,25.850927352905273
2819,24.496381759643555
2820,19.936546325683594
2821,18.840620040893555
2822,31.973804473876953
2823,39.62045669555664
2824,36.62498474121094
2825,44.20319747924805
2826,46.683555603027344
2827,46.838844299316406
2828,46.9148063659668
2829,42.23039245605469
2830,38.385765075683594
2831,39.5627555847168
2832,38.55681228637695
2833,37.971012115478516
2834,38.57920837402344
2835,35.96367263793945
2836,36.4799919128418
2837,47.81135177612305
2838,46.583152770996094
2839,13.33770751953125
2840,20.109220504760742
2841,18.815160751342773
2842,18.789066314697266
2843,16.612140655517578
2844,17.293466567993164
2845,12.650665283203125
2846,35.08457565307617
2847,42.29035186767578
2848,47.158443450927734
2849,46.77053451538086
2850,47.48776626586914
2851,46.785072326660156
2852,46.260231018066406
2853,43.85594940185547
2854,18.966405868530273
2855,17.556459426879883
2856,42.34747314453125
2857,38.117191314697266
2858,42.15311050415039
2859,48.095767974853516
2860,25.494842529296875
2861,13.788304328918457
2862,16.179458618164062
2863,20.056095123291016
2864,17.01625633239746
2865,8.418424606323242
2866,18.932218551635742
2867,33.140079498291016
2868,42.03242111206055
2869,36.71794128417969
2870,20.882478713989258
2871,19.09015655517578
2872,20.27889060974121
2873,18.502607345581055
2874,12.284187316894531
2875,36.63450622558594
2876,48.410247802734375
2877,48.815425872802734
2878,48.061824798583984
2879,47.932735443115234
2880,26.3857421875
2881,17.18324089050293
2882,19.16848373413086
2883,17.510202407836914
2884,15.878152847290039
2885,16.95317268371582
2886,11.787214279174805
2887,44.45281219482422
2888,38.60240173339844
2889,48.11292266845703
2890,47.2671012878418
2891,45.6070442199707
2892,38.44313049316406
2893,22.72641372680664
2894,22.876876831054688
2895,18.300016403198242
2896,16.109676361083984
2897,18.043373107910156
2898,27.365644454956055
2899,40.144248962402344
2900,35.00597381591797
2901,46.99530792236328
2902,46.7906379699707
2903,41.48854446411133
2904,38.728187561035156
2905,39.30293273925781
2906,39.592864990234375
2907,39.25967788696289
2908,43.17003631591797
2909,37.539913177490234
2910,36.13071823120117
2911,47.4157829284668
2912,47.124237060546875
2913,26.714662551879883
2914,15.016337394714355
2915,26.207782745361328
2916,22.598690032958984
2917,21.543928146362305
2918,36.926124572753906
2919,45.37843704223633
2920,47.107967376708984
2921,47.809776306152344
2922,46.7640266418457
2923,23.619016647338867
2924,19.413471221923828
2925,20.338045120239258
2926,18.39970588684082
2927,11.484803199768066
2928,9.848570823669434
2929,39.83938980102539
2930,48.02517318725586
2931,47.581886291503906
2932,13.730386734008789
2933,16.89217185974121
2934,20.254709243774414
2935,18.68813133239746
2936,16.459035873413086
2937,8.899310111999512
2938,43.39186096191406
2939,39.04297637939453
2940,48.12434768676758
2941,47.417293548583984
2942,46.928466796875
2943,15.517179489135742
2944,21.785057067871094
2945,20.271350860595703
2946,11.4120454788208
2947,20.402490615844727
2948,43.544368743896484
2949,37.788612365722656
2950,42.98200225830078
2951,48.6334342956543
2952,44.380645751953125
2953,24.857860565185547
2954,16.544147491455078
2955,21.1912784576416
2956,17.27717399597168
2957,15.899938583374023
2958,16.866962432861328
2959,19.17046356201172
2960,43.05092239379883
2961,37.29712677001953
2962,48.33523178100586
2963,49.06472396850586
2964,40.426448822021484
2965,26.92860221862793
2966,23.67289161682129
2967,24.143686294555664
2968,23.6163330078125
2969,21.677165985107422
2970,17.65594482421875
2971,29.59294319152832
2972,45.0979118347168
2973,47.42942428588867
2974,47.231956481933594
2975,43.26504135131836
2976,38.98317337036133
2977,34.934146881103516
2978,44.45752716064453
2979,23.854543685913086
2980,20.615686416625977
2981,18.801668167114258
2982,20.555709838867188
2983,13.283589363098145
2984,11.728069305419922
2985,44.21989822387695
2986,48.00724411010742
2987,47.5958251953125
2988,47.342262268066406
2989,44.43213653564453
2990,14.153656005859375
2991,16.817405700683594
2992,23.193729400634766
2993,22.459308624267578
2994,18.242780685424805
2995,11.532403945922852
2996,18.731563568115234
2997,44.21866226196289
2998,44.58067321777344
2999,48.45928955078125
3000,47.4771842956543
3001,46.64492416381836
3002,23.84258270263672
3003,16.554651260375977
3004,15.469515800476074
3005,8.901039123535156
3006,40.061275482177734
3007,43.563392639160156
3008,46.452152252197266
3009,44.13473892211914
3010,18.788230895996094
3011,18.69553565979004
3012,20.278459548950195
3013,36.73463439941406
3014,43.38206100463867
3015,36.892337799072266
3016,48.335208892822266
3017,25.082361221313477
3018,20.920909881591797
3019,17.405717849731445
3020,16.41649627685547
3021,10.043368339538574
3022,19.89543342590332
3023,34.17219924926758
3024,46.22119903564453
3025,38.17121887207031
3026,16.721277236938477
3027,15.449792861938477
3028,16.653146743774414
3029,15.985733032226562
3030,16.30626678466797
3031,33.53022384643555
3032,45.0144157409668
3033,47.24882888793945
3034,46.83381271362305
3035,47.137569427490234
3036,42.88064193725586
3037,40.99148941040039
3038,38.03488540649414
3039,40.27693176269531
3040,40.737178802490234
3041,38.87622833251953
3042,33.696563720703125
3043,41.58435821533203
3044,41.22298049926758
3045,42.228397369384766
3046,47.46330261230469
3047,47.77283477783203
3048,43.144107818603516
3049,14.391890525817871
3050,22.422109603881836
3051,18.411338806152344
3052,17.828672409057617
3053,14.953970909118652
3054,15.570056915283203
3055,12.162995338439941
3056,45.54988479614258
3057,47.905113220214844
3058,48.05888748168945
3059,47.62879943847656
3060,47.689239501953125
3061,16.583335876464844
3062,20.959228515625
3063,17.487140655517578
3064,14.951128005981445
3065,16.606462478637695
3066,14.794698715209961
3067,9.834433555603027
3068,43.64830780029297
3069,39.688880920410156
3070,48.68898391723633
3071,48.217288970947266
3072,47.38239669799805
3073,47.01531982421875
3074,25.2851619720459
3075,23.768827438354492
3076,23.148893356323242
3077,18.687374114990234
3078,17.629117965698242
3079,17.8515682220459
3080,8.743861198425293
3081,33.62464904785156
3082,43.164371490478516
3083,42.55985641479492
3084,48.11756134033203
3085,47.475563049316406
3086,47.22991943359375
3087,23.816152572631836
3088,15.733857154846191
3089,20.829648971557617
3090,20.546907424926758
3091,13.81640911102295
3092,13.654130935668945
3093,13.226706504821777
3094,33.771751403808594
3095,35.450565338134766
3096,49.02663803100586
3097,47.06294631958008
3098,25.369796752929688
3099,21.82817268371582
3100,20.42999267578125
3101,15.226740837097168
3102,17.251798629760742
3103,16.662996292114258
3104,10.211835861206055
3105,37.47477722167969
3106,38.25761413574219
3107,48.12035369873047
3108,47.864501953125
3109,46.868629455566406
3110,21.705615997314453
3111,18.851226806640625
3112,16.934965133666992
3113,16.97944450378418
3114,28.645736694335938
3115,36.18175506591797
3116,46.49989700317383
3117,46.8135871887207
3118,42.97713851928711
3119,39.643638610839844
3120,36.93333435058594
3121,37.195037841796875
3122,38.754268646240234
3123,39.55712127685547
3124,37.05133819580078
3125,33.51351547241211
3126,36.19295120239258
3127,33.66175842285156
3128,42.41585159301758
3129,47.79918670654297
3130,47.99187088012695
3131,47.0672721862793
3132,46.5511589050293
3133,26.397052764892578
3134,15.247007369995117
3135,18.41529083251953
3136,23.393962860107422
3137,22.654172897338867
3138,16.00552749633789
3139,9.4576997756958
3140,47.41779327392578
3141,21.94635581970215
3142,16.3935546875
3143,15.30349063873291
3144,12.6357421875
3145,10.322775840759277
3146,47.70811080932617
3147,47.94368362426758
3148,46.552345275878906
3149,43.78805160522461
3150,13.069393157958984
3151,9.209555625915527
3152,34.90146255493164
3153,41.777339935302734
3154,48.39163589477539
3155,47.12323760986328
3156,14.383706092834473
3157,18.81943702697754
3158,15.419044494628906
3159,15.621162414550781
3160,14.520750045776367
3161,48.004234313964844
3162,44.48918914794922
3163,25.212186813354492
3164,14.339550971984863
3165,20.55988311767578
3166,16.74427032470703
3167,17.210580825805664
3168,15.159651756286621
3169,8.344321250915527
3170,19.0439453125
3171,33.91532516479492
3172,48.1568717956543
3173,48.82631301879883
3174,48.5097770690918
3175,27.25434684753418
3176,24.231351852416992
3177,20.256885528564453
3178,19.512258529663086
3179,18.537677764892578
3180,18.61241340637207
3181,19.09480857849121
3182,18.599822998046875
3183,40.42390823364258
3184,32.590904235839844
3185,34.10074996948242
3186,44.32807159423828
3187,46.813533782958984
3188,46.75507736206055
3189,46.64189529418945
3190,45.346710205078125
3191,42.061763763427734
3192,39.87373733520508
3193,41.074684143066406
3194,41.0157585144043
3195,40.08514404296875
3196,43.269161224365234
3197,47.861995697021484
3198,48.16387176513672
3199,47.317588806152344
3200,47.8028450012207
3201,44.24447250366211
3202,27.27385711669922
3203,15.068317413330078
3204,19.620532989501953
3205,15.31562328338623
3206,12.759561538696289
3207,37.019287109375
3208,45.4072380065918
3209,39.72098159790039
3210,47.840877532958984
3211,47.04347229003906
3212,47.506778717041016
3213,46.440284729003906
3214,43.98088073730469
3215,16.38517951965332
3216,21.612510681152344
3217,16.43675422668457
3218,36.40060806274414
3219,39.028995513916016
3220,41.981014251708984
3221,48.092010498046875
3222,47.22519302368164
3223,47.69437026977539
3224,22.58556365966797
3225,21.82524871826172
3226,18.167436599731445
3227,11.399903297424316
3228,36.17282485961914
3229,39.31843948364258
3230,42.5280647277832
3231,48.141197204589844
3232,47.01655578613281
3233,47.14575958251953
3234,45.96478271484375
3235,22.3107852935791
3236,18.785594940185547
3237,17.012741088867188
3238,18.035751342773438
3239,9.592636108398438
3240,20.424531936645508
3241,42.688690185546875
3242,48.32466506958008
3243,47.913658142089844
3244,26.13006019592285
3245,14.023327827453613
3246,16.41937255859375
3247,21.573959350585938
3248,20.746957778930664
3249,16.115203857421875
3250,13.884329795837402
3251,15.07480525970459
3252,20.356950759887695
3253,36.09748077392578
3254,28.981470108032227
3255,33.5212287902832
3256,48.28556823730469
3257,47.79536819458008
3258,22.904451370239258
3259,25.026945114135742
3260,17.026731491088867
3261,17.106245040893555
3262,39.651981353759766
3263,38.14154815673828
3264,31.07579803466797
3265,45.106197357177734
3266,47.038475036621094
3267,41.38168716430664
3268,40.60783386230469
3269,41.63308334350586
3270,38.72467803955078
3271,37.06940841674805
3272,40.60105895996094
3273,47.344398498535156
3274,45.807254791259766
3275,15.156370162963867
3276,20.080341339111328
3277,17.29796600341797
3278,11.306380271911621
3279,21.59134864807129
3280,38.15925216674805
3281,47.9230842590332
3282,48.40433120727539
3283,46.62123107910156
3284,26.958715438842773
3285,21.674392700195312
3286,19.213350296020508
3287,16.36981964111328
3288,16.438182830810547
3289,17.64426612854004
3290,10.723152160644531
3291,7.765527725219727
3292,34.5788459777832
3293,42.73725128173828
3294,36.755306243896484
3295,40.82114791870117
3296,48.038021087646484
3297,48.62717056274414
3298,44.13136291503906
3299,23.36662483215332
3300,17.009666442871094
3301,14.121790885925293
3302,49.435020446777344
3303,48.22361755371094
3304,48.556888580322266
3305,47.421051025390625
3306,27.907983779907227
3307,16.181743621826172
3308,19.590646743774414
3309,17.68643569946289
3310,16.3387451171875
3311,10.578775405883789
3312,17.798139572143555
3313,33.0242919921875
3314,48.14773941040039
3315,48.63713455200195
3316,46.516597747802734
3317,43.57870101928711
3318,26.46388053894043
3319,13.999161720275879
3320,14.0158052444458
3321,20.102638244628906
3322,17.899301528930664
3323,14.461713790893555
3324,13.591978073120117
3325,12.851306915283203
3326,7.6628289222717285
3327,18.508716583251953
3328,35.204185485839844
3329,41.60798263549805
3330,47.8945426940918
3331,47.31096267700195
3332,24.611812591552734
3333,28.208873748779297
3334,45.307437896728516
3335,46.91023635864258
3336,46.98881912231445
3337,46.62877655029297
3338,43.84782791137695
3339,42.11724853515625
3340,42.15348434448242
3341,40.962032318115234
3342,41.01070785522461
3343,42.84674072265625
3344,33.5670166015625
3345,41.88151550292969
3346,46.978763580322266
3347,47.40498733520508
3348,46.103328704833984
3349,43.835044860839844
3350,26.731996536254883
3351,14.518893241882324
3352,16.10516929626465
3353,14.85293960571289
3354,10.20651912689209
3355,21.157489776611328
3356,36.07045364379883
3357,44.44226837158203
3358,47.59981918334961
3359,48.162109375
3360,27.028949737548828
3361,22.654632568359375
3362,22.416879653930664
3363,16.008617401123047
3364,11.15428352355957
3365,20.4400634765625
3366,40.844791412353516
3367,47.7181510925293
3368,44.30946731567383
3369,26.912296295166016
3370,15.195582389831543
3371,35.56190490722656
3372,41.80031967163086
3373,47.601619720458984
3374,48.246726989746094
3375,47.552181243896484
3376,46.81855392456055
3377,27.17816925048828
3378,13.602004051208496
3379,16.632015228271484
3380,19.558021545410156
3381,15.651981353759766
3382,15.63558578491211
3383,13.996987342834473
3384,7.262765407562256
3385,18.37477684020996
3386,33.96881103515625
3387,46.756996154785156
3388,26.56035614013672
3389,22.261316299438477
3390,10.287833213806152
3391,16.651691436767578
3392,31.49479103088379
3393,48.04843521118164
3394,49.203739166259766
3395,48.837615966796875
3396,46.8135986328125
3397,25.38895606994629
3398,25.73301887512207
3399,22.04518699645996
3400,18.66804313659668
3401,18.795284271240234
3402,19.855567932128906
3403,19.91465187072754
3404,31.942399978637695
3405,45.0418701171875
3406,47.461910247802734
3407,47.440101623535156
3408,47.194271087646484
3409,46.06972885131836
3410,45.6663703918457
3411,43.205848693847656
3412,40.062110900878906
3413,39.889183044433594
3414,34.57573318481445
3415,47.228763580322266
3416,45.85990905761719
3417,18.78925895690918
3418,22.489118576049805
3419,20.619630813598633
3420,18.504230499267578
3421,14.579556465148926
3422,13.231316566467285
3423,38.01991271972656
3424,48.48746109008789
3425,48.503108978271484
3426,47.66458511352539
3427,45.09659957885742
3428,30.533527374267578
3429,32.7768669128418
3430,34.385826110839844
3431,26.867511749267578
3432,25.40252113342285
3433,19.763036727905273
3434,18.36056137084961
3435,31.689462661743164
3436,43.03437423706055
3437,48.196014404296875
3438,49.2461051940918
3439,48.126399993896484
3440,48.19565200805664
3441,33.41254425048828
3442,26.122873306274414
3443,25.939983367919922
3444,20.128108978271484
3445,18.216968536376953
3446,32.46902847290039
3447,42.75273895263672
3448,49.226768493652344
3449,48.1033935546875
3450,48.72377014160156
3451,48.00910949707031
3452,45.38258361816406
3453,28.50137710571289
3454,24.483976364135742
3455,20.74172592163086
3456,19.942392349243164
3457,18.90462303161621
3458,12.536860466003418
3459,46.092769622802734
3460,49.87810134887695
3461,49.227108001708984
3462,48.490867614746094
3463,48.043617248535156
3464,17.014205932617188
3465,18.661434173583984
3466,21.193885803222656
3467,18.517656326293945
3468,13.426212310791016
3469,32.98584747314453
3470,48.951194763183594
3471,44.12740707397461
3472,30.91511344909668
3473,25.204927444458008
3474,21.164037704467773
3475,20.393783569335938
3476,34.04480743408203
3477,42.869972229003906
3478,33.86544418334961
3479,46.27030563354492
3480,48.745819091796875
3481,48.1422119140625
3482,48.08414077758789
3483,47.64310836791992
3484,46.66669464111328
3485,46.54773712158203
3486,44.68687438964844
3487,43.50986099243164
3488,39.697139739990234
3489,38.90496063232422
3490,30.660036087036133
3491,43.860076904296875
3492,41.67390060424805
3493,48.06658172607422
3494,48.00871658325195
3495,46.97620391845703
3496,24.068038940429688
3497,20.52076530456543
3498,17.5624942779541
3499,12.556763648986816
3500,22.3987979888916
3501,47.9053840637207
3502,42.25703811645508
3503,46.04765701293945
